{
    "resources": [
        {
            "name": "view/Main.view.xml"
        },
        {
            "name": "manifest.json"
        },
        {
            "name": "model/models.js"
        },
        {
            "name": "controller/VerEmpleado.controller.js"
        },
        {
            "name": "controller/Main.controller.js"
        },
        {
            "name": "controller/CrearEmpleado.controller.js"
        },
        {
            "name": "controller/Base.controller.js"
        },
        {
            "name": "controller/App.controller.js"
        },
        {
            "name": "Component.js"
        },
        {
            "name": "manifest-bundle.zip"
        },
        {
            "name": "Component-preload.js",
            "merged": true
        },
        {
            "name": "controller/App-dbg.controller.js",
            "isDebug": true
        },
        {
            "name": "controller/VerEmpleado-dbg.controller.js",
            "isDebug": true
        },
        {
            "name": "controller/Main-dbg.controller.js",
            "isDebug": true
        },
        {
            "name": "controller/CrearEmpleado-dbg.controller.js",
            "isDebug": true
        },
        {
            "name": "controller/Base-dbg.controller.js",
            "isDebug": true
        },
        {
            "name": "model/models-dbg.js",
            "isDebug": true
        },
        {
            "name": "Component-dbg.js",
            "isDebug": true
        },
        {
            "name": "../../sap-ui-version.json"
        },
        {
            "name": "view/fragments/detailEmployee.fragment.xml"
        },
        {
            "name": "view/fragments/ascenderEmpleado.fragment.xml"
        },
        {
            "name": "view/fragments/ResumenCreaCliente.fragment.xml"
        },
        {
            "name": "view/VerEmpleado.view.xml"
        },
        {
            "name": "i18n/i18n.properties",
            "raw": "i18n/i18n.properties"
        },
        {
            "name": "view/CrearEmpleado.view.xml"
        },
        {
            "name": "view/App.view.xml"
        },
        {
            "name": "img/check.png"
        },
        {
            "name": "css/style.css"
        },
        {
            "name": "index.html"
        }
    ]
}