{
  "view/fragments/ResumenCreaCliente.fragment.xml": 1629732432794,
  "manifest.json": 1630036414117,
  "model/models.js": 1629337251151,
  "controller/VerEmpleado.controller.js": 1629956440136,
  "controller/Main.controller.js": 1629957169904,
  "controller/CrearEmpleado.controller.js": 1629950174841,
  "controller/Base.controller.js": 1629339148831,
  "controller/App.controller.js": 1629337251159,
  "Component.js": 1629686055293,
  "manifest-bundle.zip": 1630036413496,
  "Component-preload.js": 1630036413994,
  "controller/App-dbg.controller.js": 1629337251159,
  "controller/VerEmpleado-dbg.controller.js": 1629956440136,
  "controller/Main-dbg.controller.js": 1629957169904,
  "controller/CrearEmpleado-dbg.controller.js": 1629950174841,
  "controller/Base-dbg.controller.js": 1629339148831,
  "model/models-dbg.js": 1629337251151,
  "Component-dbg.js": 1629686055293,
  "resources.json": 1630036414153,
  "view/fragments/detailEmployee.fragment.xml": 1629957856882,
  "view/fragments/ascenderEmpleado.fragment.xml": 1629956520366,
  "i18n/i18n.properties": 1629955851220,
  "view/VerEmpleado.view.xml": 1629875038032,
  "view/Main.view.xml": 1629957668841,
  "view/CrearEmpleado.view.xml": 1629943720048,
  "view/App.view.xml": 1629601879377,
  "img/check.png": 1629679755547,
  "css/style.css": 1629953642224,
  "index.html": 1629337251147
}